SITE NAME,COUNTRY,LAT,LON,BEARING,block
Shimao,China,38.5657,110.3252,-38.0,East Asia
Inka Uyu,Peru,-15.8922,-69.8888,38.0,Americas
Haran,Turkey,36.8638,39.0305,10.0,Middle East
Shimao,China,38.5657,110.3252,-26.0,East Asia
Inka Wasi,Peru,-15.2464,-73.7443,41.5,Americas
Pikillaqta,Peru,-13.613,-71.717,40.5,Americas
Chincha Paracas Platform Mounds,Peru,-13.5024,-76.045,42.0,Americas
Pampa de Las Llamas,Peru,-9.5028,-78.2226,45.0,Americas
Lurihuasi,Peru,-10.878,-77.5524,43.0,Americas
Pañamarka,Peru,-9.2065,-78.3755,44.5,Americas
Caral,Peru,-10.89354,-77.52447,42.5,Americas
Caral,Peru,-10.89295,-77.52503,39.5,Americas
El Paraiso,Peru,-11.9539,-77.1183,38.0,Americas
Kuntur Wasi,Peru,-7.129,-78.8462,42.0,Americas
Acaray,Peru,-11.0584,-77.533,38.0,Americas
Cusco,Peru,-13.5077,-71.9822,31.0,Americas
El Paraíso,Peru,-11.9539,-77.118,36.5,Americas
Miraya,Peru,-10.8807,-77.5408,37.0,Americas
Chincha Paracas Platform Mounds,Peru,-13.5024,-76.045,34.0,Americas
Las Haldas,Peru,-9.7031,-78.2965,37.0,Americas
Caral,Peru,-10.8926,-77.5252,35.5,Americas
Caral,Peru,-10.8844,-77.5407,35.0,Americas
Pyramids of Cochasqui,Ecuador,0.0546,-78.306,42.0,Americas
Cusco,Peru,-13.5077,-71.9822,28.0,Americas
Wari Willka,Peru,-12.1176,-75.2061,31.0,Americas
Pyramids of Cochasqui,Ecuador,0.0546,-78.306,40.0,Americas
Allpacoto,Peru,-10.8795,-77.5121,33.0,Americas
Chankillo,Peru,-9.5495,-78.2299,34.0,Americas
Pyramids of Cochasqui,Ecuador,0.0546,-78.306,39.0,Americas
Capilla,Peru,-10.9038,-77.378,32.0,Americas
Lurihuasi,Peru,-10.8758,-77.5506,32.0,Americas
Miraya,Peru,-10.8828,-77.5399,32.0,Americas
Caral,Peru,-10.8912,-77.5186,32.0,Americas
Allpacoto,Peru,-10.8805,-77.5156,32.0,Americas
Pyramids of Cochasqui,Ecuador,0.0546,-78.306,38.0,Americas
Pyramids of Cochasqui,Ecuador,0.0546,-78.306,37.0,Americas
Caral,Peru,-10.88905,-77.5256,31.0,Americas
Caral,Peru,-10.8903,-77.52403,31.0,Americas
Caral,Peru,-10.89091,-77.52333,31.0,Americas
Caral,Peru,-10.89305,-77.5224,31.0,Americas
Caral,Peru,-10.89292,-77.52187,31.0,Americas
Calca,Peru,-13.4142,-71.8439,25.0,Americas
Caral,Peru,-10.8886,-77.5256,30.5,Americas
Caral,Peru,-10.88264,-77.53849,30.0,Americas
Caral,Peru,-10.889,-77.52685,30.0,Americas
Chankillo,Peru,-9.56,-78.2284,31.0,Americas
Vichama,Peru,-11.0248,-77.6323,30.0,Americas
Pyramids of Cochasqui,Ecuador,0.0546,-78.306,35.0,Americas
Caral,Peru,-10.88205,-77.53885,29.5,Americas
Caral,Peru,-10.89475,-77.5118,29.5,Americas
Unknown Chinese Pyramid,China,34.6237,108.4989,-20.0,East Asia
Caral,Peru,-10.8888,-77.5261,29.0,Americas
Caral,Peru,-10.89198,-77.52343,29.0,Americas
Caral,Peru,-10.8946,-77.5225,29.0,Americas
Chincha Paracas Platform Mounds,Peru,-13.5024,-76.045,27.0,Americas
Pyramids of Cochasqui,Ecuador,0.0546,-78.306,34.0,Americas
Caral,Peru,-10.88362,-77.53823,28.5,Americas
Caral,Peru,-10.8895,-77.5248,28.5,Americas
Shingardar Stupa,Pakistan,34.6929,72.2496,-43.0,South Asia
Caral,Peru,-10.89415,-77.52395,28.0,Americas
Caral,Peru,-10.8943,-77.52377,28.0,Americas
Caral,Peru,-10.8911,-77.5203,28.0,Americas
Las Haldas,Peru,-9.701,-78.2964,28.5,Americas
Raqch'i,Peru,-14.1743,-71.3702,22.0,Americas
Raqch'i,Peru,-14.1752,-71.3692,22.0,Americas
Caral,Peru,-10.8922,-77.5184,27.5,Americas
Pyramids of Cochasqui,Ecuador,0.0546,-78.306,32.0,Americas
Temples of Bagan (small cluster),Myanmar,21.1864,94.8905,-30.0,South Asia
Caral,Peru,-10.88342,-77.54085,27.0,Americas
Allpacoto,Peru,-10.8799,-77.5158,27.0,Americas
Túcume,Peru,-6.5152,-79.8443,30.0,Americas
Pyramids of Cochasqui,Ecuador,0.0546,-78.306,31.0,Americas
Huaca del Luna,Peru,-8.132,-78.995,28.0,Americas
Huaca del Sol,Peru,-8.1345,-78.99,28.0,Americas
Temples of Bagan (small cluster),Myanmar,21.1836,94.8757,-29.0,South Asia
Lurihuasi,Peru,-10.8755,-77.5523,26.0,Americas
Caral,Peru,-10.89263,-77.52963,26.0,Americas
Caral,Peru,-10.88978,-77.52511,26.0,Americas
Caral,Peru,-10.88925,-77.5242,26.0,Americas
Ai-Khanoum,Afghanistan,37.1678,69.4083,-42.0,South Asia
Caral,Peru,-10.8905,-77.5216,25.5,Americas
Caral,Peru,-10.8918,-77.5203,25.5,Americas
Caral,Peru,-10.89303,-77.51848,25.5,Americas
Chankillo,Peru,-9.5629,-78.226,26.0,Americas
Raqch'i,Peru,-14.1728,-71.369,20.0,Americas
Tenam Puente,Mexico,16.141,-92.1064,45.0,Americas
Tenam Puente,Mexico,16.1419,-92.1056,45.0,Americas
Zaculeu,Guatemala,15.3343,-91.4931,44.0,Americas
Burnt City,Iran,30.6516,61.4016,-44.0,South Asia
Yaxchilan,Mexico,16.9001,-90.9675,43.5,Americas
Preah Khan of Kompong Svay,Cambodia,13.1925,104.9008,-22.0,Oceania/SE Asia
Labna,Mexico,20.1712,-89.5789,45.0,Americas
Pando,Peru,-10.8558,-77.5734,24.0,Americas
Cerro Colorado,Peru,-10.8705,-77.5297,24.0,Americas
Caral,Peru,-10.8896,-77.52355,24.0,Americas
Caral,Peru,-10.89095,-77.52063,24.0,Americas
Caral,Peru,-10.89221,-77.51908,24.0,Americas
Xelha,Mexico,20.323,-87.3702,44.0,Americas
Mixco Viejo,Mexico,14.8742,-90.6628,41.0,Americas
Pucará de Tilcara,Argentina,-23.586,-65.404,14.0,Americas
Caral,Peru,-10.8887,-77.5272,23.5,Americas
Caral,Peru,-10.88985,-77.5228,23.5,Americas
Tenam Puente,Mexico,16.1414,-92.1053,41.0,Americas
Mundigak,Afghanistan,31.9063,65.498,-40.0,South Asia
Chankillo,Peru,-9.5647,-78.2262,23.0,Americas
Lamanai,Belize,17.7695,-88.6498,39.0,Americas
Acozac,Mexico,19.3296,-98.8897,43.0,Americas
Pyramids of Cochasqui,Ecuador,0.0546,-78.306,25.0,Americas
Caral,Peru,-10.89125,-77.53235,22.0,Americas
Caral,Peru,-10.8935,-77.5204,22.0,Americas
Temples of Bagan (small cluster),Myanmar,21.1823,94.878,-25.0,South Asia
La Joya,Mexico,19.0295,-96.156,42.0,Americas
Chogha Zanbil,Iran,32.009,48.5215,-44.5,Middle East
Nohmul pyramid,Belize,18.2174,-88.5847,38.0,Americas
Chan-Chan,Peru,-8.1165,-79.0765,23.0,Americas
Tenam Puente,Mexico,16.1415,-92.1047,38.0,Americas
Sawran,Kazakhstan,43.5172,67.7708,-39.0,Other
Raqch'i,Peru,-14.1757,-71.3706,17.0,Americas
Iximche',Guatemala,14.7358,-90.9962,36.0,Americas
Caral,Peru,-10.8901,-77.5225,21.0,Americas
Caral,Peru,-10.8935,-77.5194,21.0,Americas
Jebel Barkal,Sudan,18.5381,31.823,-43.0,Middle East
Ramesseum,Egypt,25.728,32.61,-45.0,Middle East
El Tajín,Mexico,20.4495,-97.3772,41.0,Americas
El Paraiso,Peru,-11.9531,-77.11865,20.5,Americas
Abydos,Egypt,26.1864,31.9163,-45.0,Middle East
Borsippa,Iraq,32.3918,44.3413,-44.5,Middle East
La Quemada ,Mexico,22.4588,-102.8226,43.0,Americas
Temple of Athribis,Egypt,26.53,31.63,-45.0,Middle East
Zaculeu,Guatemala,15.3336,-91.4934,36.0,Americas
Temple of Luxor,Egypt,25.7005,32.6399,-44.5,Middle East
Tzintzuntzan,Mexico,19.624,-101.574,41.0,Americas
Cantona,Mexico,19.5539,-97.4892,40.0,Americas
Sawran,Kazakhstan,43.5177,67.7703,-38.0,Other
Cobá,Mexico,20.496,-87.7205,37.0,Americas
Lagartero,Mexico,15.8284,-91.8834,36.0,Americas
Nuzi (Sumer),Iraq,35.37,44.255,-45.0,Middle East
Estakhr,Iran,29.9795,52.9092,-41.0,Middle East
El Tajín,Mexico,20.4496,-97.3751,40.0,Americas
Yaxchilan,Mexico,16.8989,-90.9642,36.0,Americas
Tomb of Emperor Hui of Han,China,34.423,108.841,-15.0,East Asia
Uruk,Iraq,31.322,45.636,-43.0,Middle East
Zaculeu,Guatemala,15.3342,-91.4927,35.0,Americas
Choquequirao,Peru,-13.393,-72.874,17.0,Americas
Chogha Zanbil,Iran,32.0089,48.5203,-42.0,Middle East
Tancama,Mexico,21.1605,-99.3959,40.0,Americas
La Joya,Mexico,19.028,-96.154,38.0,Americas
El Tajín,Mexico,20.4498,-97.3772,39.0,Americas
Caral,Peru,-10.89344,-77.52155,20.0,Americas
Pasargadae,Iran,30.2048,53.1801,-40.0,Middle East
El morro del tulcán,Colombia,2.444,-76.6,22.0,Americas
Medinet Habu temple,Egypt,25.7195,32.601,-43.0,Middle East
Sippar (Sumer),Iraq,33.0602,44.2512,-43.0,Middle East
Xelha,Mexico,20.3196,-87.3669,35.0,Americas
Nimrod Castle,Syria,33.2527,35.7147,-45.0,Middle East
Zaculeu,Guatemala,15.3334,-91.4938,34.0,Americas
Aguateca,Guatemala,16.3952,-90.2044,34.0,Americas
Huaca del Sol,Peru,-8.1346,-78.9924,21.0,Americas
Palmyra,Syria,34.5504,38.2675,-45.0,Middle East
Los Cancajos Pyramid,Spain,28.6502,-17.7625,-35.0,Africa
Unknown Chinese Pyramid,China,34.4234,108.8366,-14.5,East Asia
Tomb of Emperor Gaozu of Han,China,34.435,108.877,-14.5,East Asia
Caral,Peru,-10.8935,-77.5145,19.5,Americas
Der (Sumer),Iraq,33.124,45.931,-42.0,Middle East
Tenam Puente,Mexico,16.1419,-92.1063,34.0,Americas
Tomb of Consort Ban,China,34.3798,108.7045,-14.5,East Asia
Quiahuiztlán,Mexico,19.6695,-96.4155,37.0,Americas
Temple of Khnoum,Egypt,24.0845,32.8862,-41.5,Middle East
Pasargadae,Iran,30.1996,53.178,-39.0,Middle East
Zaculeu,Guatemala,15.3336,-91.493,33.0,Americas
Cobá,Mexico,20.4933,-87.7217,34.0,Americas
Temple of Anu and Adad (Assur),Iraq,35.4586,43.2586,-43.0,Middle East
Gunung Padang,Indonesia,-6.993,107.056,-20.0,Oceania/SE Asia
Túcume,Peru,-6.5148,-79.8457,21.0,Americas
Lagartero,Mexico,15.8282,-91.884,33.0,Americas
Chupacigarro,Peru,-10.8914,-77.5324,19.0,Americas
Garni Temple,Armenia,40.1124,44.7303,-44.0,Middle East
Bonampak,Mexico,16.704,-91.065,33.0,Americas
Temples of Bagan (large cluster),Myanmar,21.1786,94.8793,-22.0,South Asia
Tenam Puente,Mexico,16.1403,-92.1067,33.0,Americas
Vichama,Peru,-11.023,-77.6345,19.0,Americas
Los Cancajos Pyramid,Spain,28.6502,-17.7625,-33.0,Africa
Chogha Zanbil,Iran,32.0095,48.521,-40.0,Middle East
Chan-Chan,Peru,-8.1145,-79.0725,20.0,Americas
Wadi el Seboua,Egypt,22.7931,32.5454,-40.0,Middle East
Borsippa,Iraq,32.3923,44.3423,-41.0,Middle East
Cantona,Mexico,19.5529,-97.4916,36.0,Americas
Buto,Egypt,31.1951,30.7385,-43.0,Middle East
Pasargadae,Iran,30.2027,53.1779,-38.0,Middle East
Tomb of Empress Lü,China,34.434,108.881,-14.0,East Asia
Zaculeu,Guatemala,15.3338,-91.4926,32.0,Americas
Ain Dara Temple,Syria,36.4595,36.852,-44.0,Middle East
Tomb of Marquis Zhang Ao,China,34.428,108.851,-14.0,East Asia
Unknown Chinese Pyramid,China,34.428,108.853,-14.0,East Asia
Tomb of Three Kings of Zhou,China,34.628,112.383,-12.0,East Asia
Elephantin Island,Egypt,24.0845,32.8861,-40.0,Middle East
Girsu,Iraq,31.5624,46.1768,-40.0,Middle East
El Tajín,Mexico,20.4503,-97.3774,36.0,Americas
Avdat,Israel,30.794,34.7752,-42.0,Middle East
Umma,Iraq,31.62,45.9342,-40.0,Middle East
Mehrgarh,Pakistan,29.381,67.6165,-33.0,South Asia
Kohunlich,Mexico,18.4147,-88.7915,30.0,Americas
Bishapur,Iran,29.7798,51.5761,-38.0,Middle East
Mixco Viejo,Mexico,14.8745,-90.663,31.0,Americas
San Andrés,El Salvador,13.8006,-89.3892,30.0,Americas
Tepeapulco,Mexico,19.8136,-98.5566,35.5,Americas
Unknown structure,USA,31.6267,-91.8183,40.0,Americas
Tulum,Mexico,20.2153,-87.4293,32.0,Americas
Old Dongola,Egypt,18.2247,30.7456,-38.0,Middle East
Kanlidivane,Turkey,36.5231,34.1233,-44.0,Middle East
Çatıören,Turkey,36.5217,34.1255,-44.0,Middle East
Çatıören,Turkey,36.5217,34.1255,-44.0,Middle East
Sawran,Kazakhstan,43.5177,67.7698,-35.0,Other
Jebel Barkal,Sudan,18.5353,31.8297,-38.0,Middle East
Roma Havuzu Sarikaya,Turkey,39.495,35.3766,-45.0,Middle East
Bauda,Syria,35.671,36.5691,-43.0,Middle East
Ziggurat of Kish,Iraq,32.5403,44.6047,-40.0,Middle East
Pomac Forest,Peru,-6.4722,-79.7907,20.0,Americas
Pyramid of Sinki,Egypt,26.1578,31.9664,-40.0,Middle East
Vilamoura,Portugal,37.0804,-8.1202,-44.0,Europe-Med
Palenque,Mexico,17.4841,-92.0462,32.0,Americas
El Tajín,Mexico,20.4485,-97.3772,35.0,Americas
Volubilis,Morocco,34.0754,-5.5535,-41.0,Europe-Med
Dzibilchaltun,Mexico,21.091,-89.59,32.0,Americas
Aguateca,Guatemala,16.3952,-90.2044,30.0,Americas
El Tajín,Mexico,20.4483,-97.3777,34.0,Americas
Dur-Kurigalzu,Syria,33.3537,44.2023,-39.0,Middle East
Ruins at Ur,Iraq,30.9617,46.1051,-38.0,Middle East
Pasargadae,Iran,30.1996,53.1789,-36.0,Middle East
Yaxchilan,Mexico,16.8998,-90.9645,30.0,Americas
Uxmal,Mexico,20.3587,-89.7711,31.0,Americas
Xelha,Mexico,20.319,-87.3672,30.0,Americas
Chiapa de Corzo,Mexico,16.7027,-93.0041,30.5,Americas
Túcume,Peru,-6.5115,-79.8396,19.0,Americas
Lamanai,Belize,17.7657,-88.6528,29.0,Americas
Acozac,Mexico,19.3294,-98.8921,33.0,Americas
Aguateca,Guatemala,16.3952,-90.2044,29.0,Americas
Leptis Magna,Libya,32.6357,14.2892,-41.0,Europe-Med
Centum Cellas,Portugal,39.369,-7.3865,-43.0,Europe-Med
Ammaia,Mexico,16.9002,-90.966,29.0,Americas
Yaxchilan,Peru,-8.1048,-79.045,18.0,Americas
Huaca Esmeralda,Peru,-11.0233,-77.6338,17.0,Americas
Vichama,Guatemala,14.633,-90.549,28.0,Americas
Kaminal Juyu,Peru,-8.106,-79.079,18.0,Americas
Chan-Chan,Turkey,39.0554,43.357,-39.0,Middle East
Zernaki Tepe ,Portugal,37.0807,-8.1208,-40.0,Europe-Med
Vilamoura,Turkey,39.2034,29.6087,-43.0,Europe-Med
Aizanoi,El Salvador,13.8006,-89.3895,27.0,Americas
San Andrés,Egypt,22.7312,32.2626,-36.0,Middle East
Temple of Amada,China,34.625,112.375,-11.0,East Asia
Tomb of King Ling of Zhou,Tunesia,36.4222,9.2183,-42.0,Europe-Med
Dougga,Mexico,14.9236,-92.1796,28.0,Americas
Izapa,Mexico,15.8272,-91.8841,28.0,Americas
Lagartero,USA,31.6268,-91.8187,36.0,Americas
Unknown structure,Iraq,31.621,45.933,-36.0,Middle East
Umma,Australia,-33.7181,143.0812,13.0,Oceania/SE Asia
Mungo,Peru,-13.5024,-76.045,15.5,Americas
Chincha Paracas Platform Mounds,Egypt,25.7188,32.6021,-36.0,Middle East
Medinet Habu temple,Portugal,40.0995,-8.4938,-41.0,Europe-Med
Conímbriga,Crimea,44.5928,33.8009,-44.0,Middle East
Mangup Kale,Israel,33.1101,35.5309,-38.0,Middle East
Tel Kadesh Naftali,Iran,32.0098,48.5198,-35.0,Middle East
Chogha Zanbil,Myanmar,21.1685,94.8584,-19.0,South Asia
Temples of Bagan (medium cluster),Peru,-8.0948,-79.067,17.0,Americas
Chan-Chan,Peru,-10.8805,-77.5148,16.0,Americas
Allpacoto,Jordan,32.2767,35.8902,-37.0,Middle East
Jerash,Libya,32.6392,14.2951,-38.0,Europe-Med
Leptis Magna,Sri Lanka,7.8159,80.3116,-25.0,South Asia
Yapahuwa Temple,Greece,37.1101,25.3723,-40.0,Europe-Med
Portara,Sudan,18.5358,31.8242,-33.0,Middle East
Jebel Barkal,Mexico,20.681,-88.57,27.0,Americas
Chichen Itza,Mexico,16.703,-93.0037,27.0,Americas
Chiapa de Corzo,Iraq,33.484,44.728,-35.0,Middle East
Eshnunna (Sumer),Iraq,30.963,46.103,-33.0,Middle East
Great Ziggurat of Ur,Mexico,21.1603,-99.3965,30.0,Americas
Tancama,Mexico,21.0915,-89.5967,27.0,Americas
Dzibilchaltun,Turkey,40.1402,44.5384,-37.0,Middle East
Susi Temple (and Erebuni Fortress),Mexico,19.329,-98.8923,29.0,Americas
Acozac,Mexico,14.8707,-90.6661,24.0,Americas
Mixco Viejo,Iran,29.9359,52.8926,-32.0,Middle East
Persepolis,Iran,30.6521,61.401,-30.0,South Asia
Burnt City,Italy,41.606,15.8836,-42.0,Europe-Med
Ipogei Capparelli,Myanmar,21.1935,94.8951,-18.0,South Asia
Temples of Bagan (medium cluster),Mexico,17.4841,-92.0462,26.0,Americas
Palenque,Mexico,20.2487,-89.647,26.0,Americas
Kabah,Peru,-8.1104,-79.0747,16.0,Americas
Chan-Chan,Mexico,19.0013,-88.2304,25.0,Americas
Chacchoben,Jordan,32.3252,35.7273,-35.0,Middle East
Ajlun Castle,Mexico,14.9232,-92.1798,25.0,Americas
Izapa,Egypt,25.2934,32.5562,-33.0,Middle East
Temple of Esna,Mexico,15.8276,-91.8838,25.0,Americas
Lagartero,Mexico,22.4582,-102.8218,30.0,Americas
La Quemada ,Peru,-13.5024,-76.045,14.0,Americas
Chincha Paracas Platform Mounds,Morocco,34.0741,-5.5549,-32.0,Europe-Med
Volubilis,Mexico,16.8988,-92.0097,25.0,Americas
Toniná,Crimea,45.3739,36.526,-40.0,Other
Kurgan,Portugal,37.9976,-7.9494,-34.0,Europe-Med
Pisões,India,20.5536,75.7012,-24.0,South Asia
Ajanta Caves ,Mexico,16.9578,-96.4496,26.0,Americas
Yagul,Mexico,20.2149,-87.4294,24.0,Americas
Tulum,Iraq,33.484,44.728,-33.0,Middle East
Eshnunna (Sumer),Libya,32.637,14.2935,-34.0,Europe-Med
Leptis Magna,Mexico,19.2678,-103.7271,28.0,Americas
La Campana,Mexico,18.2779,-93.2003,25.0,Americas
Comalcalco,Algeria,36.3222,5.7351,-36.0,Europe-Med
Djemila,Italy,42.4112,11.2866,-40.0,Europe-Med
Cosa,Myanmar,21.1831,94.8905,-17.0,South Asia
Temples of Bagan (medium cluster),Spain,38.0381,-3.6259,-34.0,Europe-Med
Cástulo,Bulgaria,42.1512,24.752,-39.0,Europe-Med
Plovdiv,Mexico,20.681,-88.57,24.0,Americas
Chichen Itza,Peru,-8.1134,-79.0769,15.0,Americas
Chan-Chan,Peru,-14.8193,-75.1162,13.0,Americas
Cahuachi,Libya,32.7088,20.9541,-34.0,Europe-Med
Ptolemais,Guatemala,16.0039,-90.0439,23.0,Americas
Cancuén,Mexico,20.1692,-89.3388,24.0,Americas
Chacmultun,Egypt,30.9566,31.5166,-33.0,Middle East
Unknown ruins in Egypt,Mexico,16.9717,-96.492,25.0,Americas
Lambityeco,Mexico,16.9584,-96.4505,25.0,Americas
Yagul,Italy,40.7483,14.4889,-38.0,Europe-Med
Pompeii,Peru,-10.8712,-77.5308,14.0,Americas
Cerro Colorado,Romania,45.9147,22.8148,-41.0,Europe-Med
Micia,Iraq,30.962,46.104,-31.0,Middle East
Ruins at Ur,Cambodia,13.783,104.5372,-13.0,Oceania/SE Asia
Pyramid of Koh-Ker,Mexico,14.9232,-92.18,23.0,Americas
Izapa,Portugal,40.0992,-8.4949,-33.0,Europe-Med
Conímbriga,Spain,40.1663,-6.1008,-34.0,Europe-Med
Caparra,Peru,-7.077,-79.684,15.0,Americas
Calakmul,Mexico,18.1067,-89.8116,23.0,Americas
Red Monastery,Egypt,26.5547,31.6199,-31.0,Middle East
Ingapirca,Ecuador,-2.5398,-78.8749,15.0,Americas
Delphi,Greece,38.4823,22.5013,-36.0,Europe-Med
Tomb of Empress Xu,China,34.375,108.685,-11.0,East Asia
Didyma,Turkey,37.385,27.2563,-35.0,Europe-Med
El Paraiso,Peru,-11.953,-77.1186,13.5,Americas
Libarna,Italy,44.7057,8.8671,-40.0,Europe-Med
Water Temple of Zaghouan,Tunesia,36.3871,10.1312,-34.0,Europe-Med
Toniná,Mexico,16.8988,-92.0103,23.0,Americas
Labna,Mexico,20.173,-89.579,23.0,Americas
Lamanai,Belize,17.7647,-88.6531,22.0,Americas
Leptis Magna,Libya,32.6382,14.292,-32.0,Europe-Med
Cantona,Mexico,19.5521,-97.4897,25.0,Americas
Cantona,Mexico,19.5517,-97.4868,25.0,Americas
Aguateca,Guatemala,16.3952,-90.2044,22.0,Americas
Kotosh,Peru,-9.9311,-76.2796,13.0,Americas
Al-Rahba castle,Syria,35.1157,40.2663,-32.0,Middle East
El Tepozteco,Mexico,19.0008,-99.1014,25.0,Americas
Timgad,Algeria,35.4857,6.4637,-32.0,Europe-Med
Cerveteri,Italy,42.0031,12.0996,-37.0,Europe-Med
Alba Fucens,Italy,42.0799,13.4113,-37.0,Europe-Med
Temples of Bagan (small cluster),Myanmar,21.1659,94.8602,-16.0,South Asia
La Campana,Mexico,19.269,-103.7252,26.0,Americas
Saksaywaman,Peru,-13.5091,-71.9828,11.0,Americas
Cusco,Peru,-13.5077,-71.9822,11.0,Americas
Comalcalco,Mexico,18.2789,-93.2009,23.0,Americas
Mehrgarh,Pakistan,29.3838,67.616,-25.0,South Asia
Balamku,Mexico,18.5603,-89.94535,22.0,Americas
Elephantin Island,Egypt,24.0845,32.8861,-29.0,Middle East
Chichen Itza,Mexico,20.681,-88.57,22.0,Americas
Koshoy Korgon,Kyrgyzstan,41.123,75.7,-24.0,Other
Chavín de Huantar,Peru,-9.594,-77.176,13.0,Americas
Edzna,Mexico,19.5957,-90.2306,22.0,Americas
Uxmal,Mexico,20.3596,-89.7714,22.0,Americas
Nimrod Castle,Syria,33.2527,35.7147,-31.0,Middle East
Great Pyramid of Cholula,Mexico,19.0575,-98.3019,24.0,Americas
Dainzu,Mexico,17.0036,-96.5566,23.0,Americas
Dzibilchaltun,Mexico,21.092,-89.6006,22.0,Americas
Dzibanche,Mexico,18.6386,-88.7594,21.0,Americas
Tulum,Mexico,20.2146,-87.4289,21.0,Americas
Hierapolis,Turkey,37.925,29.1258,-33.0,Europe-Med
Avdat,Israel,30.7944,34.7735,-30.0,Middle East
El Chanal,Mexico,19.2929,-103.7054,25.0,Americas
Santa Cecilia Acatitlan,Mexico,19.5525,-99.1733,24.0,Americas
San Andrés,El Salvador,13.8025,-89.3875,20.0,Americas
Pomac Forest,Peru,-6.4521,-79.8024,13.0,Americas
Great Kyz Kala,Turkmenistan,37.655,62.1525,-27.0,South Asia
Comalcalco,Mexico,18.278,-93.20058,22.0,Americas
Dragon Houses Euboea,Greece,38.1528,24.2635,-33.0,Europe-Med
Hattusa,Turkey,40.0194,34.6144,-33.0,Middle East
Ajlun Castle,Jordan,32.3252,35.7273,-30.0,Middle East
Chichen Itza,Mexico,20.681,-88.57,21.0,Americas
Sechin Alto,Peru,-9.4886,-78.2588,13.0,Americas
Tefessedt,Algeria,36.5946,2.4439,-30.0,Europe-Med
Sha'ar HaGolan,Israel,32.6829,35.6018,-30.0,Middle East
Ziggurat of Assur,Iraq,35.4597,43.2612,-30.0,Middle East
Babylon,Iraq,32.53,44.4262,-29.0,Middle East
Toniná,Mexico,16.9022,-92.0095,21.0,Americas
La Quemada ,Mexico,22.4579,-102.8216,25.0,Americas
Altun Ha,Belize,17.7642,-88.347,20.0,Americas
Cástulo,Spain,38.0366,-3.6252,-29.0,Europe-Med
Kuara (Sumer),Iraq,30.835,46.332,-28.0,Middle East
Thanjavur Brahadeeswarar temple,India,10.7825,79.1315,-20.0,South Asia
Brihadeeswarar Temple,India,10.7826,79.1318,-20.0,South Asia
Temples of Bagan (medium cluster),Myanmar,21.1858,94.8936,-15.0,South Asia
Uxmal,Mexico,20.3583,-89.772,21.0,Americas
Xochicalco,Mexico,18.8054,-99.2967,23.0,Americas
Chacchoben,Mexico,19.0013,-88.2304,20.0,Americas
Jiayuguan Fortress,China,39.8014,98.2158,-14.5,East Asia
Cihuatan,El Salvador,13.981,-89.1626,19.0,Americas
Tomb of Emperor Cheng of Han ,China,34.375,108.698,-10.0,East Asia
El Mirador,Guatemala,17.756,-89.921,20.0,Americas
Unknown on Elephantine Island,Egypt,24.0857,32.8862,-27.0,Middle East
Babylon,Iraq,32.5433,44.4229,-27.0,Middle East
Ecbatana,Iran,34.8055,48.5164,-28.0,Middle East
Chichen Itza,Mexico,20.681,-88.57,20.0,Americas
Calca,Peru,-13.4142,-71.8439,10.0,Americas
Tabasqueno,Mexico,19.5003,-89.7836,20.0,Americas
Chacmultun,Mexico,20.1728,-89.3455,20.0,Americas
Chincha Paracas Platform Mounds,Peru,-13.5024,-76.045,11.5,Americas
Karanis,Turkey,29.5177,30.9033,-28.0,Middle East
Nineveh Temple (Sumer),Iraq,36.359,43.153,-29.0,Middle East
Temple of Belur,India,13.1629,75.8604,-20.0,South Asia
Hosn Hiha Temple ,Lebanon,33.9074,35.9489,-29.0,Middle East
La Quemada ,Mexico,22.4592,-102.8233,24.0,Americas
Toniná,Mexico,16.9015,-92.0098,20.0,Americas
Xlapak,Mexico,20.1742,-89.6062,20.0,Americas
Çatıören,Turkey,36.5214,34.1258,-30.0,Middle East
Çatıören,Turkey,36.5214,34.1258,-30.0,Middle East
Palenque,Mexico,17.4841,-92.0462,20.0,Americas
Pomac Forest,Peru,-6.4728,-79.7943,13.0,Americas
Patara,Turkey,36.2674,29.3178,-30.0,Europe-Med
Yagul,Mexico,16.958,-96.45,21.0,Americas
Mixco Viejo,Mexico,14.8744,-90.6632,19.0,Americas
San Gervasio,Mexico,20.5,-86.8453,19.0,Americas
Herculaneum,Italy,40.806,14.3482,-32.0,Europe-Med
Samarra Archaeological City,Iraq,34.3411,43.8236,-28.0,Middle East
Zabala (Sumer),Iraq,31.7445,45.8747,-27.0,Middle East
Girsu,Iraq,31.5623,46.1809,-27.0,Middle East
Ceibal,Guatemala,16.5136,-90.0613,19.0,Americas
Pella,Jordan,32.4496,35.6156,-28.0,Middle East
Ajlun Castle,Jordan,32.3252,35.7273,-28.0,Middle East
Freiria,Portugal,38.7207,-9.3228,-25.0,Europe-Med
Pisões,Portugal,37.9976,-7.9496,-25.0,Europe-Med
Pnyx,Greece,37.9718,23.7197,-30.0,Europe-Med
Temples of Bagan (small cluster),Myanmar,21.179,94.8924,-14.0,South Asia
Uxmal,Mexico,20.3595,-89.7711,19.0,Americas
Kabah,Mexico,20.2487,-89.6466,19.0,Americas
Mayapan,Mexico,20.6298,-89.4614,19.0,Americas
Xochicalco,Mexico,18.8056,-99.2963,21.0,Americas
Palenque,Mexico,17.4841,-92.0462,19.0,Americas
Bauda,Syria,35.6712,36.5694,-28.0,Middle East
Volubilis,Morocco,34.0747,-5.5552,-23.0,Europe-Med
Unknown temple near Euromus,Turkey,37.3773,27.6702,-29.0,Europe-Med
Torre de Palma,Portugal,39.0619,-7.4893,-25.0,Europe-Med
Unknown Ruin at Assur,Iraq,35.4591,43.2602,-27.0,Middle East
Izapa,Mexico,14.9233,-92.1801,18.0,Americas
Kanlidivane,Turkey,36.5231,34.1233,-28.0,Middle East
Olympos,Turkey,36.3966,30.473,-28.0,Middle East
Heraclea,Macedonia,41.0116,21.3425,-30.0,Europe-Med
Vilamoura,Portugal,37.08,-8.1204,-23.0,Europe-Med
El Tazumal,El Salvador,13.979,-89.674,17.0,Americas
Chichen Itza,Mexico,20.681,-88.57,18.0,Americas
Xlapak,Mexico,20.1744,-89.6091,18.0,Americas
Dainzu,Mexico,17.0038,-96.557,19.0,Americas
Dzibilchaltun,Mexico,21.091,-89.59,18.0,Americas
Dura Europos,Syria,34.7498,40.7289,-26.0,Middle East
Dzibanche,Mexico,18.6384,-88.7587,17.0,Americas
Leptis Magna,Libya,32.6375,14.2943,-25.0,Europe-Med
Myra,Turkey,36.2591,29.9852,-27.0,Europe-Med
Elephantine Pyramid,Egypt,24.0856,32.8855,-15.0,Middle East
Eshnunna (Sumer),Iraq,33.484,44.728,-25.0,Middle East
Temples of Bagan (medium cluster),Myanmar,21.1834,94.8919,-13.0,South Asia
Chichen Itza,Mexico,20.681,-88.57,17.0,Americas
Antipatris,Israel,32.105,34.93,-25.0,Middle East
Pisões,Portugal,37.9978,-7.9494,-22.0,Europe-Med
Pella,Jordan,32.4505,35.6178,-25.0,Middle East
Ceibal,Guatemala,16.5136,-90.0613,16.5,Americas
Cerro del Gentil,Peru,-13.4949,-76.0374,10.0,Americas
Edzna,Mexico,19.5958,-90.2297,17.0,Americas
Uxmal,Mexico,20.3614,-89.771,17.0,Americas
Motya,Sicily,37.8695,12.4652,-26.0,Europe-Med
Dainzu,Mexico,17.0033,-96.5577,18.0,Americas
Kanheri,India,19.2084,72.9058,-18.0,South Asia
Teishibaini palace,Turkey,40.1537,44.4461,-26.0,Middle East
La Quemada ,Mexico,22.4573,-102.8217,20.0,Americas
Holmul,Guatemala,17.3103,-89.2592,16.0,Americas
Túcume,Peru,-6.5121,-79.8394,11.0,Americas
Usnu,Peru,-13.6526,-73.9555,9.0,Americas
Ajlun Castle,Jordan,32.3252,35.7273,-24.0,Middle East
Becan,Mexico,18.516,-89.4665,16.0,Americas
Cástulo,Spain,38.0359,-3.6236,-22.0,Europe-Med
Fortress of Hayk,Turkey,38.3527,43.4602,-25.0,Middle East
Chichen Itza,Mexico,20.681,-88.57,16.0,Americas
Tabasqueno,Mexico,19.5004,-89.7837,16.0,Americas
Karanis,Turkey,29.5177,30.9033,-23.0,Middle East
Koshoy Korgon,Kyrgyzstan,41.123,75.7,-19.0,Other
Chaco Canyon,USA,36.06,-107.97,24.0,Americas
Labna,Mexico,20.171,-89.5786,16.0,Americas
Assos,Turkey,39.4905,26.3369,-26.0,Europe-Med
Teotenango,Mexico,19.1075,-99.5968,18.0,Americas
Pomona,Mexico,17.4849,-91.5705,16.0,Americas
Edzna,Mexico,19.5981,-90.2304,16.0,Americas
Mayapan (close by),Mexico,20.6344,-89.4433,16.0,Americas
Anahit Temple,Turkey,40.0812,44.0345,-25.0,Middle East
Vilares,Portugal,38.7304,-9.4438,-20.0,Europe-Med
Tula,Mexico,20.0643,-99.341,18.0,Americas
Altun Ha,Belize,17.7643,-88.3478,15.0,Americas
El Tajín,Mexico,20.4474,-97.3787,17.5,Americas
Antipatris,Israel,32.1056,34.9309,-23.0,Middle East
Chacchoben,Mexico,19.0017,-88.2336,15.0,Americas
Comalcalco,Mexico,18.2797,-93.2014,16.0,Americas
Dzibanche,Mexico,18.6385,-88.7578,15.0,Americas
Dzibilchaltun,Mexico,21.0911,-89.5979,15.5,Americas
Serapeum at Alexandria,Egypt,31.1821,29.89625,-22.5,Europe-Med
Torre de Palma,Portugal,39.0622,-7.4885,-20.0,Europe-Med
Calakmul,Mexico,18.1067,-89.8116,15.0,Americas
Pompeii,Italy,40.7492,14.4844,-25.0,Europe-Med
Izapa,Mexico,14.9239,-92.1797,15.0,Americas
Chichen Itza,Mexico,20.681,-88.57,15.0,Americas
Nineveh Temple (Sumer),Iraq,36.359,43.153,-23.0,Middle East
Fortress of Hayk,Turkey,38.3533,43.4613,-23.5,Middle East
Tomb of Empress Li,China,34.34,108.562,-8.0,East Asia
Tomb of Emperor Wu of Han,China,34.338,108.57,-8.0,East Asia
Tomb of Empress Shangguan,China,34.363,108.631,-8.0,East Asia
Tomb of Emperor Zhao of Han,China,34.362,108.64,-8.0,East Asia
Chacmultun,Mexico,20.172,-89.3443,15.0,Americas
Roma Havuzu Kosk,Turkey,37.8471,34.6109,-24.0,Middle East
Guachimontones,Mexico,20.6954,-103.8384,18.0,Americas
Guachimontones,Mexico,20.6948,-103.8362,18.0,Americas
Teotenango,Mexico,19.1077,-99.5962,17.0,Americas
Tenayuca,Mexico,19.532,-99.168,17.0,Americas
El Tigre,Mexico,18.1205,-90.8371,15.0,Americas
Kabah,Mexico,20.2488,-89.6487,15.0,Americas
Izamal,Mexico,20.9373,-89.0166,15.0,Americas
Belevi Mausoleum,Turkey,38.0146,27.472,-24.0,Europe-Med
Palenque,Mexico,17.4841,-92.0462,15.0,Americas
Mayapan,Mexico,20.6304,-89.4602,15.0,Americas
Xcambo,Mexico,21.3131,-89.3539,15.0,Americas
Delphi,Greece,38.4823,22.5013,-24.0,Europe-Med
Unknown Chinese Pyramid,China,34.571,108.266,-8.0,East Asia
Moral Reforma,Mexico,17.768,-91.2995,14.0,Americas
Huaca Bandera,Peru,-6.4064,-79.8995,10.0,Americas
Túcume,Peru,-6.5175,-79.8446,10.0,Americas
Pella,Jordan,32.4505,35.6146,-22.0,Middle East
Ajlun Castle,Jordan,32.3252,35.7273,-22.0,Middle East
Calakmul,Mexico,18.1067,-89.8116,14.5,Americas
Carnac,France,47.595,-3.0742,-25.0,Europe-Med
Mehrgarh,Pakistan,29.3833,67.614,-18.0,South Asia
Vilamoura,Portugal,37.0803,-8.1209,-18.0,Europe-Med
Chacchoben,Mexico,19.0013,-88.2304,14.0,Americas
Elephantin Island,Egypt,24.0845,32.8861,-20.0,Middle East
Sawran,Kazakhstan,43.518,67.7743,-20.0,Other
Tula,Mexico,20.0642,-99.3404,16.5,Americas
Mixco Viejo,Mexico,14.8728,-90.6641,14.0,Americas
Sayil,Mexico,20.178,-89.6525,14.5,Americas
Kabah,Mexico,20.2481,-89.6467,14.5,Americas
Anahit Temple,Turkey,40.081,44.034,-23.0,Middle East
Temple of Zeus Euromus,Turkey,37.3741,27.6751,-23.0,Europe-Med
Lol,Algeria,36.6054,2.1905,-20.0,Europe-Med
Priene,Greece,37.6598,27.2978,-23.0,Europe-Med
Avdat,Israel,30.7971,34.7756,-21.0,Middle East
Babylon,Iraq,32.536,44.4268,-21.0,Middle East
Era de Pando,Peru,-10.8431,-77.5966,9.0,Americas
Temples of Bagan (medium cluster),Myanmar,21.1839,94.8819,-11.0,South Asia
Xochicalco,Mexico,18.8046,-99.2964,16.0,Americas
Chichen Itza,Mexico,20.681,-88.57,14.0,Americas
Micia,Romania,45.9151,22.8158,-26.0,Europe-Med
Itzamkanac,Mexico,18.1205,-90.837,14.0,Americas
Tabasqueno,Mexico,19.4999,-89.784,14.0,Americas
Mayapan (close by),Mexico,20.6348,-89.4431,14.0,Americas
Chacmultun,Mexico,20.1701,-89.3448,14.0,Americas
Cihuatan,El Salvador,13.9806,-89.1642,13.0,Americas
Palenque,Mexico,17.4841,-92.0462,14.0,Americas
Oxkintok,Mexico,20.5618,-89.9528,14.0,Americas
Dzibilchaltun,Mexico,21.091,-89.59,14.0,Americas
Copán,Honduras,14.8415,-89.1421,13.0,Americas
Mount Nemrut,Turkey,37.9812,38.7416,-22.0,Middle East
Unknown Ruin at Assur,Iraq,35.4536,43.2656,-21.0,Middle East
Persepolis,Iran,29.9352,52.8896,-19.0,Middle East
Calakmul,Mexico,18.1067,-89.8116,13.5,Americas
Casa Blanca,El Salvador,13.9894,-89.6725,13.0,Americas
Qasr el-Sagha,Egypt,29.5951,30.6779,-20.0,Middle East
Temple of Isis 3,Egypt,24.0262,32.8846,-19.0,Middle East
Teishibaini palace,Turkey,40.1531,44.4529,-22.0,Middle East
Freiria,Portugal,38.7211,-9.3232,-17.0,Europe-Med
Teotihuacan,Mexico,19.692,-98.844,15.5,Americas
Quiahuiztlán,Mexico,19.6698,-96.4157,15.0,Americas
Cahuachi,Peru,-14.818,-75.1145,8.0,Americas
Tula,Mexico,20.0635,-99.3421,15.5,Americas
Cástulo,Spain,38.0372,-3.6245,-18.0,Europe-Med
Tanis,Egypt,30.9748,31.8808,-20.0,Middle East
Kanheri,India,19.2084,72.9058,-15.0,South Asia
Cantona,Mexico,19.5515,-97.4857,15.0,Americas
Comalcalco,Mexico,18.28,-93.2018,14.0,Americas
Moral Reforma,Mexico,17.7684,-91.2985,13.5,Americas
Mixco Viejo,Mexico,14.8743,-90.6625,13.0,Americas
Edzna,Mexico,19.597,-90.229,13.5,Americas
Kabah,Mexico,20.2489,-89.6438,13.5,Americas
Labna,Mexico,20.1712,-89.5783,13.5,Americas
Labna,Mexico,20.1723,-89.5774,13.0,Americas
Buto,Egypt,31.1965,30.7447,-20.0,Middle East
Beit Guvrin,Israel,31.6083,34.8947,-20.0,Middle East
Koh Kor ,Cambodia,13.7787,104.5395,-8.0,Oceania/SE Asia
El Tajín,Mexico,20.4457,-97.3771,15.0,Americas
Dzibilchaltun,Mexico,21.0911,-89.5899,13.5,Americas
Xcambo,Mexico,21.3138,-89.3539,13.5,Americas
Timgad,Algeria,35.4835,6.4664,-19.0,Europe-Med
Pompeii,Italy,40.7485,14.4837,-22.0,Europe-Med
Q'umarkaj,Guatemala,15.0233,-91.1717,13.0,Americas
Xpuhil,Mexico,18.5107,-89.4065,13.0,Americas
Naveta d'Es Tudons,Menorca,40.0031,3.8916,-20.0,Europe-Med
Xochicalco,Mexico,18.805,-99.2974,15.0,Americas
Chicanná,Mexico,18.506,-89.4853,13.0,Americas
Becan,Mexico,18.5165,-89.46685,13.0,Americas
Túcume,Peru,-6.5107,-79.8393,9.0,Americas
Pomac Forest,Peru,-6.4659,-79.7975,9.0,Americas
Saint-Michel tumulus,France,47.588,-3.073,-17.5,Europe-Med
Tel Dan,Israel,33.2496,35.6518,-20.0,Middle East
Teotenango,Mexico,19.1084,-99.596,15.0,Americas
Tula,Mexico,20.0652,-99.3401,15.0,Americas
Yaxchilan,Mexico,16.8993,-90.9655,13.0,Americas
Dzibilnocac,Mexico,19.578,-89.5948,13.0,Americas
Chichen Itza,Mexico,20.681,-88.57,13.0,Americas
Cerro Sechin,Peru,-9.4808,-78.2589,8.5,Americas
Sechin Alto,Peru,-9.4807,-78.2589,8.5,Americas
Sechin Alto,Peru,-9.4824,-78.2529,8.5,Americas
Meenakshi Temple,India,9.9195,78.1193,-13.5,South Asia
Kabah,Mexico,20.248,-89.6473,13.0,Americas
Xcambo,Mexico,21.3135,-89.3537,13.0,Americas
Palenque,Mexico,17.4841,-92.0462,13.0,Americas
Temples of Bagan (small cluster),Myanmar,21.1809,94.8824,-10.0,South Asia
El Chanal,Mexico,19.2928,-103.7048,15.0,Americas
El Rey,Mexico,21.0619,-86.7814,12.0,Americas
Yaxha,Guatemala,17.0707,-89.4,12.0,Americas
Ceibal,Guatemala,16.5136,-90.0613,12.0,Americas
Tikal,Guatemala,17.222,-89.6276,12.0,Americas
Motya,Sicily,37.8701,12.4668,-19.0,Europe-Med
Karanis,Turkey,29.5177,30.9033,-18.0,Middle East
Butrint,Albania,39.7455,20.0205,-20.0,Europe-Med
Kabah,Mexico,20.2484,-89.6464,12.0,Americas
Mayapan,Mexico,20.6293,-89.4603,12.0,Americas
Caracol,Belize,16.764,-89.1176,11.5,Americas
Cosa,Italy,42.4109,11.2863,-20.0,Europe-Med
La Quemada ,Mexico,22.4552,-102.821,14.5,Americas
Uxmal,Mexico,20.3601,-89.771,12.0,Americas
Acanceh,Mexico,20.8133,-89.4524,12.0,Americas
Karaböcülü Harabeleri,Turkey,36.4541,33.9156,-19.0,Middle East
Kanlidivane,Turkey,36.5231,34.1233,-19.0,Middle East
Cempoala,Mexico,19.447,-96.4056,13.0,Americas
Palenque,Mexico,17.4841,-92.0462,12.0,Americas
Tikal,Guatemala,17.2222,-89.6242,11.5,Americas
Ayanis temple,Turkey,38.7083,43.21155,-19.0,Middle East
Fortress of Hayk,Turkey,38.3522,43.4576,-19.0,Middle East
Tula,Mexico,20.0633,-99.3404,13.5,Americas
Becan,Mexico,18.5164,-89.4661,11.5,Americas
Cahuachi,Peru,-14.8183,-75.1165,7.0,Americas
Calakmul,Mexico,18.1067,-89.8116,11.5,Americas
Guachimontones,Mexico,20.6955,-103.838,14.0,Americas
El Tajín,Mexico,20.4452,-97.3777,13.0,Americas
Rockwall,USA,32.931,-96.46,15.0,Americas
Lubaantun,Belize,16.282,-88.9593,11.0,Americas
Carnac,France,47.5925,-3.083,-18.5,Europe-Med
Karanis,Turkey,29.5177,30.9033,-17.0,Middle East
Garni temple,Armenia,40.1124,44.7303,-19.0,Middle East
Lamanai,Belize,17.7679,-88.6527,11.0,Americas
Altun Ha,Belize,17.7646,-88.348,11.0,Americas
Tell al-Rimah (Taya),Iraq,36.2596,42.4516,-18.0,Middle East
Teotenango,Mexico,19.1088,-99.5982,13.0,Americas
Mixco Viejo,Mexico,14.8724,-90.6638,11.0,Americas
Kohunlich,Mexico,18.4178,-88.7907,11.0,Americas
Kinichná,Mexico,18.6609,-88.7674,11.0,Americas
La Centinela,Peru,-13.451,-76.17,7.0,Americas
Babylon New,Iraq,32.5422,44.4211,-17.0,Middle East
Tikal,Guatemala,17.2191,-89.62,11.0,Americas
Calca,Peru,-13.4142,-71.8439,6.0,Americas
Temples of Bagan (small cluster),Myanmar,21.1807,94.8957,-9.0,South Asia
Becan,Mexico,18.518,-89.468,11.0,Americas
Ek' Balam,Mexico,20.8907,-88.13605,11.0,Americas
Big Qırq Qız Qala,Oezbekistan,42.008,61.1576,-17.0,Other
Lothal,India,22.5237,72.2485,-13.0,South Asia
Qasr al-Abd,Jordan,31.9128,35.7518,-17.0,Middle East
Calakmul,Mexico,18.1067,-89.8116,11.0,Americas
Chichen Itza,Mexico,20.681,-88.57,11.0,Americas
Conímbriga,Portugal,40.098,-8.495,-14.0,Europe-Med
Temple of Belur,India,13.1629,75.8604,-12.0,South Asia
Hampi,India,15.3325,76.4596,-12.0,South Asia
El Tajín,Mexico,20.4479,-97.3772,12.5,Americas
Monte Albán,Mexico,17.0468,-96.7637,12.0,Americas
Yaxchilan,Mexico,16.8992,-90.96545,11.0,Americas
Acropolis,Greece,37.9703,23.7278,-18.0,Europe-Med
Uxmal,Mexico,20.3586,-89.7727,11.0,Americas
Volubilis,Morocco,34.0736,-5.5554,-13.0,Europe-Med
Quiahuiztlán,Mexico,19.6696,-96.4145,12.0,Americas
Cempoala,Mexico,19.4466,-96.4056,12.0,Americas
Moral Reforma,Mexico,17.7705,-91.2977,11.0,Americas
Dzibilchaltun,Mexico,21.0913,-89.5978,11.0,Americas
Xcambo,Mexico,21.3136,-89.354,11.0,Americas
Palenque,Mexico,17.4841,-92.0462,11.0,Americas
Karanis,Turkey,29.5177,30.9033,-16.0,Middle East
Micia,Romania,45.9151,22.8163,-20.0,Europe-Med
El Tajín,Mexico,20.4479,-97.3772,12.0,Americas
Pallka,Peru,-9.5376,-77.9943,7.0,Americas
Babylon,Iraq,32.5363,44.4208,-16.0,Middle East
Tourega,Portugal,38.5019,-8.0282,-13.0,Europe-Med
Teotenango,Mexico,19.1097,-99.599,12.0,Americas
Xochicalco,Mexico,18.804,-99.2955,12.0,Americas
Cerro de la Estrella,Mexico,19.3438,-99.0898,12.0,Americas
Casa Blanca,El Salvador,13.9884,-89.6732,10.0,Americas
Sechin Alto,Peru,-9.4838,-78.2599,7.0,Americas
Eshnunna (Sumer),Iraq,33.484,44.728,-16.0,Middle East
Ka'ba-ye Zartosht,Iran,29.9885,52.874,-15.0,Middle East
Pompeii,Italy,40.7494,14.4855,-17.0,Europe-Med
Belevi Mausoleum,Turkey,38.0148,27.4716,-17.0,Europe-Med
Little Kyz Kala,Turkmenistan,37.6534,62.1528,-15.0,South Asia
Kohunlich,Mexico,18.4193,-88.7916,10.0,Americas
Hermopolis,Egypt,27.7815,30.8041,-15.0,Middle East
Sidon Sea Castle,Lebanon,33.5671,35.371,-16.0,Middle East
Mitla,Mexico,16.927,-96.3595,11.0,Americas
Becan,Mexico,18.5167,-89.4664,10.0,Americas
Dougga,Tunesia,36.4222,9.2183,-15.0,Europe-Med
Niha,Lebanon,33.8947,35.9624,-16.0,Middle East
El Mirador,Guatemala,17.756,-89.921,10.0,Americas
Nadzcaán,Mexico,18.6065,-89.8462,10.0,Americas
Chichen Itza,Mexico,20.681,-88.57,10.0,Americas
Cahuachi,Peru,-14.8188,-75.1166,6.0,Americas
Lyrbe,Turkey,36.8739,31.4753,-16.5,Middle East
Hosn Suleiman,Syria,34.9305,36.2453,-16.0,Middle East
Dzibilchaltun,Mexico,21.0907,-89.5966,7.0,Americas
Chacmultun,Mexico,20.1693,-89.3391,10.0,Americas
Prasat Phum Prasat,Cambodia,12.55,105.073,-6.0,Oceania/SE Asia
Moral Reforma,Mexico,17.769,-91.2984,10.0,Americas
Uxmal,Mexico,20.3608,-89.7696,10.0,Americas
Labna,Mexico,20.1714,-89.5788,10.0,Americas
Mayapan,Mexico,20.6295,-89.4598,10.0,Americas
Ake,Mexico,20.9475,-89.2995,10.0,Americas
Temple of Osiris at Abusir,Egypt,30.9462,29.5186,-15.0,Europe-Med
Temple of Thoth,Egypt,27.7828,30.8015,-14.5,Middle East
Tell Brak (Sumer),Iraq,36.6673,41.0602,-16.0,Middle East
Zabala (Sumer),Iraq,31.7443,45.8731,-15.0,Middle East
Oxkintok,Mexico,20.5612,-89.9521,10.0,Americas
Niha Temple,Lebanon,33.8947,35.9636,-15.5,Middle East
Temples of Bagan (very large cluster),Myanmar,21.1854,94.8821,-8.0,South Asia
Cantona,Mexico,19.5521,-97.4875,11.0,Americas
Palenque,Mexico,17.4841,-92.0462,10.0,Americas
Tikal,Guatemala,17.222,-89.623,9.5,Americas
Dragon Houses Euboea,Greece,38.1528,24.2635,-16.0,Europe-Med
Mangup Kale,Crimea,44.5928,33.8009,-18.0,Middle East
Fortress of Hayk,Turkey,38.3524,43.4594,-16.0,Middle East
Aukana Buddha Temple,Sri Lanka,8.011,80.513,-10.0,South Asia
Cacaxtla,Mexico,19.2451,-98.3508,11.0,Americas
Agrigento,Italy,37.2898,13.5905,-15.0,Europe-Med
Banteay Samré,Cambodia,13.442,103.959,-6.0,Oceania/SE Asia
Hosn Hiha Temple ,Lebanon,33.9073,35.9484,-15.0,Middle East
Takht-e Soleymān,Iran,36.605,47.235,-15.0,Middle East
Prison of Solomon,Iran,36.6052,47.2347,-15.0,Middle East
Monte Albán,Mexico,17.0458,-96.7676,10.0,Americas
Fortress of Hayk,Turkey,38.3542,43.4654,-15.0,Middle East
Vindolanda,England,54.9911,-2.3601,-18.0,Europe-Med
Micia,Romania,45.9153,22.8162,-17.0,Europe-Med
Pella,Jordan,32.4503,35.6137,-14.0,Middle East
Mount of Cannae,Italy,41.2966,16.1514,-15.0,Europe-Med
Great Pyramid of Cholula,Mexico,19.0562,-98.3028,10.0,Americas
El Tajín,Mexico,20.4463,-97.377,9.5,Americas
Baalbek,Lebanon,34.007,36.2045,-15.0,Middle East
Tlatelolco,Mexico,19.4512,-99.1374,10.0,Americas
Iraq al-Amir,Jordan,31.9128,35.7519,-13.5,Middle East
Soleb,Sudan,20.4363,30.3341,-12.0,Middle East
Volubilis,Morocco,34.073,-5.5551,-10.0,Europe-Med
Baalbek,Lebanon,34.007,36.204,-13.5,Middle East
Agrigento,Italy,37.291,13.5814,-13.0,Europe-Med
Temples of Bagan (small cluster),Myanmar,21.1779,94.8747,-7.0,South Asia
Oxkintok,Mexico,20.5613,-89.9527,8.5,Americas
Puma Punku,Bolivia,-16.5615,-68.68,4.0,Americas
Assos,Turkey,39.4882,26.3378,-14.0,Europe-Med
Alampur temples,India,15.8773,78.1353,-9.0,South Asia
Monte Alban,Mexico,17.0447,-96.7676,9.0,Americas
Yaxha,Guatemala,17.0758,-89.4025,8.0,Americas
Ceibal,Guatemala,16.5136,-90.0613,8.0,Americas
Xpuhil,Mexico,18.5107,-89.4065,8.0,Americas
Ek' Balam,Mexico,20.891,-88.13628,8.0,Americas
Chichen Itza,Mexico,20.681,-88.57,8.0,Americas
El Tajín,Mexico,20.4465,-97.3775,9.0,Americas
Karanis,Turkey,29.5177,30.9033,-12.0,Middle East
Moral Reforma,Mexico,17.769,-91.296,8.0,Americas
Dzibilchaltun,Mexico,21.0904,-89.5974,8.0,Americas
Pompeii,Italy,40.75,14.4845,-13.0,Europe-Med
Teti I Pyramid,Egypt,29.8756,31.2217,-12.0,Middle East
Agrigento,Italy,37.2908,13.5842,-12.0,Europe-Med
Banteay Kdei,Cambodia,13.43,103.898,-5.0,Oceania/SE Asia
Babylon,Iraq,32.5446,44.4219,-12.0,Middle East
Era de Pando,Peru,-10.8416,-77.5971,5.0,Americas
Kom Ombo temple,Egypt,24.453,32.9277,-11.0,Middle East
Fraqra,Lebanon,34.0016,35.8052,-12.0,Middle East
Qsarnaba Temple,Lebanon,33.9133,35.9906,-12.0,Middle East
Vila Cardílio,Portugal,39.4529,-8.528,-9.0,Europe-Med
La Quemada ,Mexico,22.4572,-102.821,9.0,Americas
Monte Albán,Mexico,17.0455,-96.7674,8.0,Americas
Sahyun Castle,Syria,35.5958,36.0572,-12.0,Middle East
Cempoala,Mexico,19.4474,-96.4054,8.0,Americas
Calca,Peru,-13.4142,-71.8439,4.0,Americas
Al-Ukhdud,Saudi-Arabia,17.4776,44.1799,-10.0,Middle East
Ceibal,Guatemala,16.5136,-90.0613,7.0,Americas
Tiwanaku,Bolivia,-16.5614,-68.6798,3.5,Americas
Temples of Bagan (large cluster),Myanmar,21.178,94.8751,-6.0,South Asia
Puma Punku,Bolivia,-16.5615,-68.68,3.5,Americas
"Durga temple, Aihole",India,16.0206,75.8819,-8.0,South Asia
Pomac Forest,Peru,-6.4709,-79.7922,7.0,Americas
Jerusalem,Israel,31.7764,35.235,-11.0,Middle East
Tlatelolco,Mexico,19.4512,-99.1377,8.0,Americas
Volubilis,Morocco,34.0731,-5.5546,-8.0,Europe-Med
Philippi,Greece,41.0128,24.2866,-12.0,Europe-Med
Bubastis,Egypt,30.5751,31.5144,-10.5,Middle East
Kohunlich,Mexico,18.419,-88.7906,6.5,Americas
Acropolis,Greece,37.9713,23.7265,-11.0,Europe-Med
Starosel Tomb,Bulgaria,42.5122,24.5469,-12.0,Europe-Med
Usnu,Peru,-13.6527,-73.955,4.0,Americas
Becan,Mexico,18.5179,-89.4664,6.5,Americas
Pyramid of Khaba,Egypt,29.9328,31.1612,-10.0,Middle East
Buried Pyramid,Egypt,29.8658,31.2132,-10.0,Middle East
Monte Albán,Mexico,17.0434,-96.769,7.0,Americas
Altun Ha,Belize,17.7638,-88.3467,6.0,Americas
Mari,Syria,34.5516,40.8875,-10.0,Middle East
El Tajín,Mexico,20.446,-97.3782,7.0,Americas
Ceibal,Guatemala,16.5136,-90.0613,6.0,Americas
Tikal,Guatemala,17.2196,-89.6259,6.0,Americas
La Centinela,Peru,-13.4512,-76.1692,4.0,Americas
Templo Mayor,Mexico,19.435,-99.1314,7.0,Americas
Nakbe,Guatemala,17.6828,-89.8331,6.0,Americas
Tamtoc,Mexico,21.9228,-98.8152,7.0,Americas
Mayapan,Mexico,20.6293,-89.4608,6.0,Americas
Hierapolis,Turkey,37.925,29.1258,-10.0,Europe-Med
Fortress of Hayk,Turkey,38.3534,43.4626,-10.0,Middle East
Temples of Bagan (medium cluster),Myanmar,21.1779,94.8746,-5.0,South Asia
Heraclea sintica,Bulgaria,41.4495,23.2625,-10.0,Europe-Med
La Quemada ,Mexico,22.4577,-102.8207,7.0,Americas
Tenochtitlan,Mexico,19.4349,-99.1314,6.5,Americas
Pomona,Mexico,17.4853,-91.57,6.0,Americas
Ake,Mexico,20.9471,-89.3006,5.5,Americas
Harappa,Pakistan,30.629,72.864,-7.0,South Asia
Calca,Peru,-13.4142,-71.8439,3.0,Americas
Micia,Romania,45.9153,22.8167,-10.0,Europe-Med
Motya,Sicily,37.8704,12.4688,-8.0,Europe-Med
Agrigento,Italy,37.2913,13.5815,-8.0,Europe-Med
Tamtoc,Mexico,21.9262,-98.8133,6.0,Americas
Nakum,Guatemala,17.176,-89.4051,5.0,Americas
Chacchoben,Mexico,19.0018,-88.2304,5.0,Americas
Ceibal,Guatemala,16.5136,-90.0613,5.0,Americas
Chichen Itza,Mexico,20.681,-88.57,5.0,Americas
Mari,Syria,34.5515,40.8884,-8.0,Middle East
Cacaxtla,Mexico,19.2449,-98.3495,5.5,Americas
Arykanda,Turkey,36.5138,30.0597,-8.0,Middle East
Temples of Bagan (small cluster),Myanmar,21.1777,94.864,-4.0,South Asia
Neak Pean,Cambodia,13.463,103.895,-3.0,Oceania/SE Asia
Eastern Mebon temple,Cambodia,13.4465,103.92,-3.0,Oceania/SE Asia
Phnom Chisor,Cambodia,11.1845,104.825,-3.0,Oceania/SE Asia
Anahit Temple,Turkey,40.081,44.0332,-8.0,Middle East
Thirukkattalai Temple,India,10.37,78.8512,-5.0,South Asia
Texcotzingo,Mexico,19.4972,-98.8176,5.0,Americas
Xochitecatl,Mexico,19.245,-98.35,5.0,Americas
Hampi,India,15.3325,76.4596,-5.0,South Asia
Nimrud,Iraq,36.1011,43.327,-7.0,Middle East
Tikal,Guatemala,17.2207,-89.628,4.0,Americas
Ixkun,Guatemala,16.5736,-89.4111,4.0,Americas
Leptis Magna,Libya,32.6352,14.2914,-6.0,Europe-Med
Chaco Canyon,USA,36.06,-107.97,6.0,Americas
Dzibilchaltun,Mexico,21.0911,-89.5909,4.0,Americas
Cacaxtla,Mexico,19.2442,-98.3507,4.5,Americas
Tiwanaku,Bolivia,-16.556,-68.6735,2.0,Americas
Puma Punku,Bolivia,-16.5558,-68.6732,2.0,Americas
Segesta (temple),Sicily,37.9415,12.8325,-6.0,Europe-Med
El Cerrito,Mexico,20.5515,-100.444,4.5,Americas
Ta Prohm,Cambodia,13.435,103.889,-2.5,Oceania/SE Asia
Monte Albán,Mexico,17.0446,-96.7683,4.0,Americas
Monte Albán,Mexico,17.0429,-96.7681,4.0,Americas
Cempoala,Mexico,19.4473,-96.4035,4.0,Americas
Ishchali,Iraq,33.3032,44.5844,-6.0,Middle East
Bandurria,Peru,-11.1871,-77.5885,2.5,Americas
Temples of Bagan (small cluster),Myanmar,21.1657,94.8626,-3.0,South Asia
Motya,Sicily,37.8702,12.4698,-5.0,Europe-Med
Tomb of Empress Fu,China,34.4026,108.772545,-2.0,East Asia
West Kennet Long Barrow,England,51.4085,-1.851,-5.0,Europe-Med
Laembesis,Algeria,35.49,6.2549,-4.0,Europe-Med
Timgad,Algeria,35.4848,6.4688,-4.0,Europe-Med
Agrigento,Italy,37.2929,13.5788,-4.0,Europe-Med
Trikutam,India,18.0989,79.8073,-3.0,South Asia
Tikal,Guatemala,17.2251,-89.6189,2.5,Americas
Rabaçal,Portugal,40.0384,-8.4577,-3.0,Europe-Med
Ake,Mexico,20.9468,-89.3018,2.5,Americas
Temples of Bagan (small cluster),Myanmar,21.1867,94.8984,-2.0,South Asia
Ceibal,Guatemala,16.5136,-90.0613,2.0,Americas
Chicanná,Mexico,18.5069,-89.4862,2.0,Americas
Teopanzolco,Mexico,18.9305,-99.222,2.0,Americas
Tell al-Rimah (Taya),Iraq,36.2589,42.4479,-3.0,Middle East
Lothal,India,22.5222,72.2492,-2.0,South Asia
Chau Say Tevoda,Cambodia,13.4336,103.877,-1.0,Oceania/SE Asia
Pre Rup,Cambodia,13.435,103.9205,-1.0,Oceania/SE Asia
Beng Malea,Cambodia,13.475,104.228,-1.0,Oceania/SE Asia
Seila Pyramid,Egypt,29.3826,31.0535,-2.0,Middle East
Mons Claudianus,Egypt,26.8091,33.4869,-2.0,Middle East
Timgad,Algeria,35.4847,6.4668,-1.5,Europe-Med
Temples of Bagan (small cluster),Myanmar,21.1811,94.8697,-1.0,South Asia
Mingun Stupa,Myanmar,22.0509,96.0175,-1.0,East Asia
Dzibilchaltun,Mexico,21.0911,-89.5917,1.0,Americas
Yaxha,Guatemala,17.0792,-89.4027,1.0,Americas
Kfar Bar'am synagogue,Israel,33.044,35.414,-1.5,Middle East
Teopanzolco,Mexico,18.9301,-99.2224,1.0,Americas
Baksei Chamkrong,Cambodia,13.4253,103.8582,-0.5,Oceania/SE Asia
Djedefre's Pyramid,Egypt,30.0321,31.0748,-1.0,Middle East
Jerash,Jordan,32.2737,35.8906,-1.0,Middle East
Jerash,Jordan,32.2722,35.8913,-1.0,Middle East
Arg-é Bam,Iran,29.114,58.3694,-1.0,Middle East
Resafe,Syria,35.629,38.7581,-1.0,Middle East
Dzibilchaltun,Mexico,21.091,-89.59,0.5,Americas
Srirangam Temple,India,10.863,78.69,-0.399999999999977,South Asia
West Baray,Cambodia,13.434,103.8,-0.199999999999989,Oceania/SE Asia
Phnom Bakheng,Cambodia,13.4235,103.856,-0.199999999999989,Oceania/SE Asia
Preah Ko,Cambodia,13.344,103.973,-0.199999999999989,Oceania/SE Asia
Bakong,Cambodia,13.336,103.974,-0.199999999999989,Oceania/SE Asia
Konark Sun Temple,India,19.8875,86.0945,-0.199999999999989,South Asia
Angkor Wat,Cambodia,13.4125,103.867,-0.100000000000023,Oceania/SE Asia
El Tajín,Mexico,20.4476,-97.3779,0.0,Americas
Ek' Balam,Mexico,20.8907,-88.13605,0.1,Americas
Ek' Balam,Mexico,20.8924,-88.136,0.1,Americas
Conímbriga,Portugal,40.0991,-8.4935,-0.100000000000023,Europe-Med
Chaco Canyon,USA,36.06,-107.97,0.0,Americas
Xochicalco,Mexico,18.8033,-99.2963,0.0,Americas
Texcotzingo,Mexico,19.4973,-98.8181,0.0,Americas
Tamtoc,Mexico,21.9253,-98.8132,0.0,Americas
Cacaxtla,Mexico,19.2445,-98.3379,0.0,Americas
Castillo de Teayo,Mexico,20.75,-97.6333,-1.0,Americas
Cantona,Mexico,19.5538,-97.4909,0.0,Americas
Cempoala,Mexico,19.4477,-96.4014,-1.0,Americas
Palenque,Mexico,17.4841,-92.0462,0.0,Americas
Q'umarkaj,Guatemala,15.0239,-91.1718,0.0,Americas
Mixco Viejo,Mexico,14.8741,-90.6625,0.1,Americas
Ceibal,Guatemala,16.5136,-90.0613,0.0,Americas
Oxkintok,Mexico,20.5604,-89.9538,0.0,Americas
Nakbe,Guatemala,17.6828,-89.8331,0.0,Americas
Calakmul,Mexico,18.1067,-89.8116,0.0,Americas
Dzibilchaltun,Mexico,21.091,-89.59,0.0,Americas
Chicanná,Mexico,18.5096,-89.4888,0.0,Americas
Nakum,Guatemala,17.176,-89.4051,0.0,Americas
Naranjo,Guatemala,17.1335,-89.262,0.1,Americas
Holmul,Guatemala,17.3103,-89.2592,0.0,Americas
El Pilar,Belize,17.2567,-89.1553,0.0,Americas
Copán,Honduras,14.8373,-89.1415,0.0,Americas
Chichen Itza,Mexico,20.681,-88.57,0.0,Americas
Inca-Caranqui,Ecuador,0.3224,-78.1218,0.0,Americas
Vichama,Peru,-11.0239,-77.6338,0.0,Americas
Wanuku Pampa,Peru,-9.8754,-76.8164,0.0,Americas
Cusco,Peru,-13.5077,-71.9822,0.0,Americas
Dougga,Tunesia,36.4222,9.2183,0.0,Europe-Med
Agrigento,Italy,37.2896,13.592,0.0,Europe-Med
Messene,Greece,37.1777,21.9189,1.0,Europe-Med
Ohoden-Valoga,Bulgaria,43.3743,23.7293,0.0,Europe-Med
Asagipinar,Turkey,41.7215,27.2262,0.0,Europe-Med
Priene,Greece,37.6591,27.2982,0.0,Europe-Med
Patara,Turkey,36.2631,29.3177,0.0,Europe-Med
Pyramids of Giza,Egypt,29.976,31.133,-0.0500000000000114,Middle East
Pyramid of Meidum,Egypt,29.3883,31.1572,0.0,Middle East
Niuserra's Pyramid,Egypt,29.904,31.1938,0.0,Middle East
Sahure's Pyramid,Egypt,29.8976,31.2033,0.0,Middle East
Red Pyramid,Egypt,29.8086,31.2064,1.0,Middle East
Bent Pyramid,Egypt,29.7902,31.2094,1.0,Middle East
Saqqara,Egypt,29.8544,31.2191,0.0,Middle East
Pyramid of List,Egypt,29.5601,31.2213,0.0,Middle East
Philae,Egypt,24.0252,32.8846,0.0,Middle East
Kanlidivane,Turkey,36.5231,34.1233,0.0,Middle East
Nabi Samuel,West Bank,31.8327,35.1802,0.0,Middle East
Masada ,Israel,31.316,35.353,-0.100000000000023,Middle East
Roma Havuzu Sarikaya,Turkey,39.495,35.3766,0.0,Middle East
Qumran,Israel,31.7417,35.4596,0.0,Middle East
Belvoir Fortress,Israel,32.5955,35.5215,-0.100000000000023,Middle East
Byblos,Lebanon,34.1199,35.6464,0.0,Middle East
Haran,Turkey,36.8638,39.0305,0.0,Middle East
Mari,Syria,34.5522,40.888,0.0,Middle East
Unknown Ruin at Assur,Iraq,35.4561,43.2576,0.0,Middle East
Nimrud,Iraq,36.097,43.3303,0.0,Middle East
Sippar (Sumer),Iraq,33.0609,44.2557,0.0,Middle East
Babylon New,Iraq,32.5422,44.4211,0.0,Middle East
Shahr-e Sukhteh,Iran,30.5954,61.3263,0.0,South Asia
Harappa,Pakistan,30.629,72.864,0.0,South Asia
Kanheri,India,19.2084,72.9058,0.0,South Asia
"Durga temple, Aihole",India,16.0206,75.8819,0.0,South Asia
Hampi,India,15.3325,76.4596,0.0,South Asia
Padmanabhaswamy temple,India,8.4827,76.9438,-0.5,South Asia
Bijamandal Temple,India,23.5285,77.8012,0.0,South Asia
Warangal,India,17.9611,79.6145,0.0,South Asia
Warangal,India,17.9564,79.6154,0.0,South Asia
Lumbini,Nepal,27.484,83.273,0.9,South Asia
Temples of Bagan (medium cluster),Myanmar,21.1768,94.8744,0.0,South Asia
Temples of Bagan (very large cluster),Myanmar,21.1841,94.8818,0.0,South Asia
Tomb of Emperor Wen of Sui,China,34.2878,108.02289,0.0,East Asia
Tomb of Emperor Ping of Han,China,34.3977,108.712421,0.0,East Asia
Tomb of Emperor Yuan of Han,China,34.3903,108.739114,0.0,East Asia
Tomb of Emperor Ai of Han,China,34.4008,108.764606,0.0,East Asia
Tomb of Emperor Jing of Han,China,34.4438,108.940784,0.0,East Asia
Tomb of Empress Wang,China,34.4462,108.9475,0.0,East Asia
Tomb of Empress Wang,China,34.1789,109.028396,0.0,East Asia
Tomb of Empress Xu,China,34.1273,109.055786,0.0,East Asia
Tomb of First Emperor,China,34.3812,109.254012,1.0,East Asia
Borobudur,Indonesia,-7.608,110.204,-0.00999999999999091,Oceania/SE Asia
Prambanan,Indonesia,-7.7521,110.4914,0.0,Oceania/SE Asia
Tomb of Emperor Xiaojing of Tang,China,34.6327,112.81109,0.0,East Asia
Chaco Canyon,Portugal,40.3777,-7.3425,-45.0,Europe-Med
